{
  "map50": 0.7321864520249088,
  "map50_95": 0.6360828141893529,
  "precision": 0.8388492714754175,
  "recall": 0.5575825564907234
}